P1,P2,P3,P4,P5,P6,P7,P8,P9,P10,P11,P12,P13,P14,P15,P16,P17,P18,P19,P20,P21,P22,P23,P24,P25,P26,P27,P28,P29,P30,P31,P32,P33,P34,P35,P36,P37,restaurant_age_years,City Group_Other,Type_FC,Type_IL,revenue
4,5.0,4.0,4.0,2,2,5,4,5,5,3,5,5.0,1,2,2,2,4,5,4,1,3,3,1,1,1.0,4.0,2.0,3.0,5,3,4,5,5,4,3,4,10.461327857631758,False,False,True,5653753.0
4,5.0,4.0,4.0,1,2,5,5,5,5,1,5,5.0,0,0,0,0,0,3,2,1,3,2,0,0,0.0,0.0,3.0,3.0,0,0,0,0,0,0,0,0,1.8809034907597535,False,True,False,6923131.0
2,4.0,2.0,5.0,2,3,5,5,5,5,2,5,5.0,0,0,0,0,0,1,1,1,1,1,0,0,0.0,0.0,1.0,3.0,0,0,0,0,0,0,0,0,-3.184120465434634,True,False,True,2055379.0
6,4.5,6.0,6.0,4,4,10,8,10,10,8,10,7.5,6,4,9,3,12,20,12,6,1,10,2,2,2.5,2.5,2.5,7.5,25,12,10,6,18,12,12,6,-2.086242299794661,True,False,True,2675511.0
3,4.0,3.0,4.0,2,2,5,5,5,5,2,5,5.0,2,1,2,1,4,2,2,1,2,1,2,3,3.0,5.0,1.0,3.0,5,1,3,2,3,4,3,3,0.648870636550308,True,False,True,4316715.0
6,6.0,4.5,7.5,8,10,10,8,8,8,10,8,6.0,0,0,0,0,0,5,6,3,1,5,0,0,0.0,0.0,7.5,5.0,0,0,0,0,0,0,0,0,-0.11498973305954825,False,True,False,5017319.0
2,3.0,4.0,4.0,1,5,5,5,5,5,2,5,5.0,3,4,4,3,4,2,4,1,2,1,5,4,4.0,5.0,1.0,3.0,4,5,2,2,3,5,4,4,-0.7748117727583846,False,False,True,5166635.0
4,5.0,4.0,5.0,2,3,5,4,4,4,4,3,4.0,0,0,0,0,0,3,5,2,4,2,0,0,0.0,0.0,3.0,2.0,0,0,0,0,0,0,0,0,-1.4674880219028064,False,False,True,4491607.0
1,1.0,4.0,4.0,1,2,1,5,5,5,1,5,5.0,1,1,2,1,4,1,1,1,1,1,4,4,4.0,2.0,2.0,3.0,4,5,5,3,4,5,4,5,-0.6543463381245722,True,False,True,4952497.0
6,4.5,6.0,7.5,6,4,10,10,10,10,2,10,7.5,0,0,0,0,0,25,3,3,1,10,0,0,0.0,0.0,5.0,2.5,0,0,0,0,0,0,0,0,-1.8726899383983573,True,False,True,5444227.0
9,6.0,6.0,6.0,4,4,10,8,10,10,8,10,7.5,0,0,0,0,0,25,15,15,3,20,0,0,0.0,0.0,10.0,2.5,0,0,0,0,0,0,0,0,-3.6030116358658453,True,True,False,3745135.0
2,4.0,4.0,4.0,2,5,5,5,5,5,2,5,5.0,2,2,5,2,4,2,5,1,1,3,5,2,3.0,5.0,3.0,3.0,5,5,4,2,3,4,4,2,-2.3874058863791925,False,False,True,5161370.0
2,2.0,4.0,4.0,2,1,5,4,5,5,3,5,5.0,0,0,0,0,0,3,4,1,2,2,0,0,0.0,0.0,1.0,3.0,0,0,0,0,0,0,0,0,-3.159479808350445,False,False,True,1734634.0
4,5.0,4.0,4.0,1,3,5,5,5,5,2,5,5.0,0,0,0,0,0,3,4,1,2,1,0,0,0.0,0.0,3.0,3.0,0,0,0,0,0,0,0,0,-0.7885010266940452,False,True,False,4807746.0
2,2.0,4.0,4.0,1,2,5,5,5,5,2,5,5.0,0,0,0,0,0,3,3,1,3,2,0,0,0.0,0.0,2.0,3.0,0,0,0,0,0,0,0,0,-1.9904175222450375,True,True,False,1999097.0
12,7.5,6.0,6.0,2,10,10,10,10,10,4,10,7.5,3,10,15,3,12,10,9,3,2,5,8,8,10.0,2.5,7.5,7.5,5,15,20,2,12,3,16,4,-2.099931553730322,False,False,True,3218918.0
3,5.0,4.0,4.0,2,5,5,4,5,4,3,5,4.0,0,0,0,0,0,1,4,1,1,1,0,0,0.0,0.0,2.0,2.0,0,0,0,0,0,0,0,0,9.984941820670773,False,True,False,19696939.0
2,4.0,4.0,5.0,1,3,5,4,5,5,3,5,5.0,0,0,0,0,0,1,1,1,1,1,0,0,0.0,0.0,1.0,1.0,0,0,0,0,0,0,0,0,0.14784394250513347,False,True,False,8213524.0
4,5.0,4.0,3.0,1,2,5,5,5,5,2,5,5.0,3,2,3,2,3,4,5,1,4,2,5,3,3.0,3.0,2.0,3.0,3,5,5,4,4,4,3,2,-2.302532511978097,False,False,True,5337526.0
2,4.0,4.0,4.0,2,2,5,5,4,4,1,3,4.0,0,0,0,0,0,2,1,1,1,1,0,0,0.0,0.0,2.0,3.0,0,0,0,0,0,0,0,0,-1.620807665982204,True,False,True,2021934.0
3,4.0,4.0,4.0,2,2,5,4,5,5,3,5,5.0,3,5,5,4,4,5,5,1,1,5,2,4,1.0,5.0,1.0,3.0,5,1,2,2,4,5,5,4,-0.6461327857631759,True,False,True,5525735.0
5,5.0,4.0,4.0,2,2,5,4,4,4,4,3,4.0,0,0,0,0,0,4,5,1,3,1,0,0,0.0,0.0,3.0,1.0,0,0,0,0,0,0,0,0,-4.0657084188911705,False,True,False,1149870.0
9,6.0,6.0,6.0,4,6,10,10,10,10,2,10,7.5,0,0,0,0,0,15,12,3,3,10,0,0,0.0,0.0,7.5,7.5,0,0,0,0,0,0,0,0,3.5044490075290895,True,True,False,3956086.0
2,4.0,4.0,4.0,2,2,5,3,4,4,5,4,4.0,0,0,0,0,0,2,2,1,1,1,0,0,0.0,0.0,2.0,3.0,0,0,0,0,0,0,0,0,0.5804243668720055,True,True,False,2999068.0
5,5.0,3.0,5.0,2,2,5,5,5,4,2,5,4.0,4,4,4,5,4,5,5,2,2,3,2,2,2.0,5.0,3.0,2.0,5,5,4,4,4,4,5,2,0.28199863107460643,False,False,True,8904084.0
4,4.0,5.0,5.0,2,2,5,5,5,5,2,5,5.0,0,0,0,0,0,3,1,2,1,1,0,0,0.0,0.0,2.0,3.0,0,0,0,0,0,0,0,0,-1.9739904175222451,True,True,False,3778621.0
3,5.0,4.0,5.0,2,3,5,3,5,4,5,5,4.0,3,4,4,1,4,5,5,2,3,2,2,2,2.0,1.0,3.0,3.0,5,5,4,3,3,4,3,1,-0.14510609171800137,False,False,True,2267425.0
4,5.0,4.0,3.0,1,2,5,4,4,5,4,4,5.0,0,0,0,0,0,5,5,5,5,5,0,0,0.0,0.0,4.0,3.0,0,0,0,0,0,0,0,0,10.231348391512663,True,True,False,5435276.0
4,5.0,4.0,4.0,1,3,5,5,4,4,2,4,4.0,3,4,4,2,4,5,5,2,4,3,5,3,4.0,2.0,4.0,2.0,3,5,5,2,3,5,4,4,11.926078028747433,False,False,True,4705945.0
1,1.0,4.0,4.0,2,1,1,4,4,4,5,2,4.0,0,0,0,0,0,1,1,1,1,1,0,0,0.0,0.0,1.0,3.0,0,0,0,0,0,0,0,0,3.2197125256673513,False,True,False,3447890.0
1,1.0,3.0,3.0,2,1,1,5,5,5,2,5,5.0,0,0,0,0,0,1,1,1,1,1,0,0,0.0,0.0,1.0,3.0,0,0,0,0,0,0,0,0,1.0841889117043122,True,False,True,3008199.0
4,5.0,4.0,4.0,1,3,5,5,5,5,2,5,5.0,2,3,3,1,3,4,2,1,2,1,5,2,5.0,2.0,2.0,3.0,4,3,3,2,3,4,3,3,-2.9979466119096507,False,False,True,2058644.0
3,4.0,3.0,4.0,3,2,5,4,4,4,3,4,4.0,0,0,0,0,0,5,1,1,1,1,0,0,0.0,0.0,1.0,3.0,0,0,0,0,0,0,0,0,0.9555099247091033,True,True,False,3261924.0
2,3.0,4.0,4.0,2,2,5,5,5,5,1,5,5.0,0,0,0,0,0,3,1,1,2,1,0,0,0.0,0.0,2.0,3.0,0,0,0,0,0,0,0,0,-3.3073237508555784,True,True,False,2371202.0
4,5.0,4.0,4.0,1,3,5,4,4,5,4,4,5.0,0,0,0,0,0,1,4,1,2,1,0,0,0.0,0.0,4.0,3.0,0,0,0,0,0,0,0,0,-2.217659137577002,False,True,False,4100886.0
4,5.0,4.0,3.0,1,2,5,4,4,5,5,4,5.0,2,2,4,2,4,5,5,4,3,5,3,3,3.0,4.0,3.0,2.0,4,1,3,3,3,4,3,3,13.650924024640657,True,False,True,3903884.0
3,5.0,5.0,3.0,1,5,5,5,5,5,2,5,5.0,0,0,0,0,0,2,5,2,4,3,0,0,0.0,0.0,3.0,3.0,0,0,0,0,0,0,0,0,1.648186173853525,False,True,False,3028267.0
2,3.0,4.0,3.0,1,5,5,5,5,5,1,5,5.0,1,1,2,1,4,1,3,1,2,5,1,1,1.0,1.0,1.0,3.0,5,5,5,3,4,4,3,1,-0.6406570841889117,False,False,True,2740687.0
3,5.0,4.0,4.0,2,5,5,4,5,4,3,5,4.0,0,0,0,0,0,1,4,1,1,1,0,0,0.0,0.0,2.0,2.0,0,0,0,0,0,0,0,0,-1.0458590006844628,False,True,False,5461700.0
4,5.0,4.0,4.0,2,3,5,4,4,4,4,4,4.0,4,4,3,3,3,3,5,1,2,2,3,3,3.0,1.0,2.0,2.0,4,1,2,2,3,4,3,2,0.7638603696098563,False,False,True,3818055.0
3,5.0,4.0,4.0,2,2,5,1,4,4,5,2,4.0,4,4,4,3,3,5,5,5,1,1,5,5,5.0,1.0,3.0,2.0,5,5,3,3,3,4,3,2,-1.106091718001369,False,False,True,6836483.0
4,5.0,5.0,4.0,1,5,5,3,4,5,5,3,5.0,3,4,5,5,4,5,5,5,5,5,5,3,5.0,1.0,5.0,1.0,5,5,4,3,3,4,4,1,0.5859000684462696,False,False,True,4554237.0
12,7.5,6.0,6.0,4,4,10,8,10,10,6,10,7.5,0,0,0,0,0,25,15,6,4,20,0,0,0.0,0.0,7.5,5.0,0,0,0,0,0,0,0,0,-1.7357973990417521,False,False,True,4952255.0
2,4.0,5.0,4.0,1,2,5,5,5,5,2,5,5.0,0,0,0,0,0,1,1,1,2,1,0,0,0.0,0.0,1.0,3.0,0,0,0,0,0,0,0,0,0.27104722792607805,False,True,False,2732645.0
2,3.0,5.0,3.0,1,5,5,5,5,5,1,5,5.0,1,1,3,1,4,1,3,1,2,1,1,1,1.0,1.0,2.0,3.0,3,5,5,2,3,4,3,4,5.218343600273785,False,False,True,4264176.0
6,6.0,6.0,4.5,2,8,10,10,10,8,4,10,6.0,0,0,0,0,0,5,15,3,2,5,0,0,0.0,0.0,5.0,7.5,0,0,0,0,0,0,0,0,-2.086242299794661,True,True,False,3752885.0
3,5.0,5.0,3.0,1,2,5,5,5,5,2,5,5.0,2,2,4,2,4,2,5,2,4,2,1,1,1.0,4.0,3.0,3.0,5,5,4,2,2,4,3,3,-1.6454483230663928,False,False,True,4250758.0
4,5.0,5.0,3.0,1,2,5,4,5,5,3,5,5.0,4,4,3,5,4,3,5,3,5,5,4,4,4.0,4.0,5.0,3.0,4,1,2,2,3,5,5,1,0.024640657084188913,False,False,True,7865428.0
4,5.0,4.0,4.0,2,2,5,4,4,5,4,4,5.0,0,0,0,0,0,5,5,3,3,5,0,0,0.0,0.0,4.0,3.0,0,0,0,0,0,0,0,0,-1.9685147159479808,True,True,False,7201784.0
12,7.5,6.0,6.0,2,8,10,10,10,10,4,10,7.5,0,0,0,0,0,15,3,3,3,5,0,0,0.0,0.0,7.5,7.5,0,0,0,0,0,0,0,0,1.7522245037645447,False,True,False,8630682.0
3,5.0,4.0,5.0,3,4,5,4,4,4,5,4,4.0,1,1,2,1,1,5,5,1,3,2,2,2,2.0,1.0,3.0,3.0,5,2,3,2,2,2,3,3,-0.32854209445585214,False,False,True,2156098.0
2,2.0,4.0,4.0,2,2,4,4,5,5,4,5,5.0,0,0,0,0,0,5,4,2,1,2,0,0,0.0,0.0,1.0,3.0,0,0,0,0,0,0,0,0,-1.8507871321013005,True,False,True,3273041.0
2,3.0,4.0,4.0,2,1,1,4,4,5,3,4,5.0,0,0,0,0,0,1,1,1,1,1,0,0,0.0,0.0,1.0,3.0,0,0,0,0,0,0,0,0,-3.863107460643395,True,True,False,1763231.0
3,4.0,4.0,3.0,1,2,5,5,5,5,2,5,5.0,0,0,0,0,0,2,4,2,1,1,0,0,0.0,0.0,3.0,3.0,0,0,0,0,0,0,0,0,-3.238877481177276,True,True,False,5595267.0
2,4.0,5.0,4.0,1,1,3,4,4,4,4,2,3.0,0,0,0,0,0,1,2,2,1,1,0,0,0.0,0.0,2.0,3.0,0,0,0,0,0,0,0,0,10.576317590691307,True,False,True,4651866.0
2,4.0,4.0,4.0,1,4,5,5,5,5,1,5,5.0,0,0,0,0,0,1,1,1,1,1,0,0,0.0,0.0,3.0,3.0,0,0,0,0,0,0,0,0,1.3880903490759753,False,True,False,6941173.0
4,5.0,4.0,4.0,2,2,5,4,4,4,5,3,4.0,0,0,0,0,0,4,5,2,2,2,0,0,0.0,0.0,3.0,3.0,0,0,0,0,0,0,0,0,-3.2032854209445585,False,False,True,2390534.0
2,3.0,4.0,3.0,1,4,5,5,5,5,2,5,5.0,0,0,0,0,0,1,2,1,1,1,0,0,0.0,0.0,3.0,2.0,0,0,0,0,0,0,0,0,1.5304585900068446,True,True,False,3258837.0
3,4.0,4.0,5.0,2,2,5,5,5,5,2,5,5.0,0,0,0,0,0,1,3,1,3,1,0,0,0.0,0.0,2.0,3.0,0,0,0,0,0,0,0,0,-2.2751540041067764,False,True,False,3004429.0
4,5.0,4.0,4.0,1,3,5,5,5,5,2,5,5.0,0,0,0,0,0,3,3,1,3,1,0,0,0.0,0.0,2.0,3.0,0,0,0,0,0,0,0,0,2.086242299794661,False,True,False,3600467.0
12,7.5,6.0,6.0,2,6,10,8,10,10,6,10,7.5,6,4,9,3,12,10,15,6,3,10,4,4,5.0,2.5,5.0,7.5,10,15,20,4,18,12,12,2,-2.329911019849418,False,False,True,3164972.0
12,7.5,6.0,6.0,4,6,10,8,8,8,6,8,6.0,0,0,0,0,0,15,12,3,2,5,0,0,0.0,0.0,7.5,5.0,0,0,0,0,0,0,0,0,1.5906913073237507,False,True,False,4350573.0
2,4.0,4.0,4.0,2,3,5,5,5,4,2,5,4.0,4,1,2,2,4,3,1,1,1,1,3,3,3.0,1.0,2.0,3.0,1,1,3,2,3,1,3,3,-0.8706365503080082,True,True,False,5286212.0
2,2.0,4.0,4.0,3,1,4,5,5,5,2,5,5.0,0,0,0,0,0,2,1,1,1,1,0,0,0.0,0.0,1.0,3.0,0,0,0,0,0,0,0,0,-3.592060232717317,True,True,False,1619683.0
12,7.5,6.0,6.0,2,8,10,10,10,10,4,10,7.5,15,10,15,15,12,10,9,6,3,5,10,10,12.5,5.0,5.0,7.5,20,15,25,4,24,15,20,6,11.471594798083505,False,False,True,2551252.0
3,5.0,4.0,3.0,1,2,5,5,5,5,1,5,5.0,0,0,0,0,0,1,1,1,1,1,0,0,0.0,0.0,1.0,3.0,0,0,0,0,0,0,0,0,-3.969883641341547,False,True,False,1756069.0
2,2.0,4.0,3.0,1,1,1,4,5,5,3,5,5.0,0,0,0,0,0,4,3,1,1,2,0,0,0.0,0.0,2.0,3.0,0,0,0,0,0,0,0,0,-0.02190280629705681,True,True,False,1882131.0
4,5.0,4.0,5.0,2,4,5,4,4,4,3,3,4.0,0,0,0,0,0,5,5,3,5,3,0,0,0.0,0.0,5.0,1.0,0,0,0,0,0,0,0,0,-1.160848733744011,False,True,False,4052733.0
2,4.0,3.0,4.0,2,3,5,5,5,4,1,5,4.0,2,2,2,1,4,2,1,1,2,1,5,3,5.0,5.0,2.0,3.0,5,5,5,4,4,4,3,4,-0.2026009582477755,False,False,True,3836721.0
2,2.0,4.0,5.0,4,2,5,5,5,5,1,5,5.0,0,0,0,0,0,3,1,1,2,1,0,0,0.0,0.0,2.0,3.0,0,0,0,0,0,0,0,0,-1.6591375770020533,True,False,True,3452382.0
4,5.0,4.0,4.0,1,4,5,5,5,5,2,5,5.0,0,0,0,0,0,3,5,1,4,2,0,0,0.0,0.0,3.0,3.0,0,0,0,0,0,0,0,0,3.0965092402464065,False,True,False,3982767.0
12,7.5,6.0,6.0,2,10,10,10,10,10,4,10,7.5,9,8,12,3,12,10,9,6,3,5,8,8,10.0,10.0,10.0,7.5,5,6,10,6,18,12,12,6,3.0718685831622174,False,False,True,4136425.0
3,5.0,4.0,4.0,2,2,5,3,4,5,5,4,5.0,3,2,3,1,4,4,5,5,3,5,5,2,5.0,3.0,5.0,1.0,4,3,3,2,3,4,3,1,0.4079397672826831,False,False,True,2525375.0
4,5.0,4.0,5.0,2,2,5,3,4,5,5,4,5.0,0,0,0,0,0,5,5,5,5,5,0,0,0.0,0.0,5.0,0.0,0,0,0,0,0,0,0,0,-1.754962354551677,False,True,False,3347767.0
12,7.5,6.0,6.0,2,8,10,8,8,8,8,8,6.0,12,10,12,9,9,20,15,6,4,25,10,8,10.0,2.5,12.5,2.5,20,9,15,4,12,12,12,4,-1.9137577002053388,False,False,True,5500818.0
5,5.0,4.0,5.0,1,4,5,3,4,4,5,3,4.0,0,0,0,0,0,5,5,5,5,4,0,0,0.0,0.0,5.0,0.0,0,0,0,0,0,0,0,0,4.213552361396304,False,True,False,16549064.0
2,2.0,4.0,4.0,2,2,5,5,5,5,2,5,5.0,0,0,0,0,0,3,4,1,2,1,0,0,0.0,0.0,2.0,3.0,0,0,0,0,0,0,0,0,1.1006160164271048,False,True,False,4590423.0
3,5.0,3.0,5.0,3,4,5,4,4,4,5,4,4.0,0,0,0,0,0,5,5,1,3,1,0,0,0.0,0.0,3.0,2.0,0,0,0,0,0,0,0,0,-3.813826146475017,False,True,False,1904842.0
9,7.5,6.0,7.5,8,6,10,10,8,8,4,6,6.0,3,2,9,3,12,25,12,6,2,10,4,4,5.0,2.5,7.5,2.5,20,9,20,4,18,12,12,2,-2.7433264887063653,False,False,True,3871344.0
4,5.0,4.0,3.0,1,3,5,5,5,5,1,5,5.0,2,2,4,2,4,3,3,1,4,4,3,3,3.0,2.0,2.0,3.0,4,5,5,3,3,4,4,3,-0.06570841889117043,True,False,True,6313221.0
4,5.0,4.0,5.0,1,3,5,5,5,5,2,5,5.0,0,0,0,0,0,3,5,2,5,3,0,0,0.0,0.0,5.0,1.0,0,0,0,0,0,0,0,0,0.2108145106091718,False,True,False,3727364.0
2,4.0,4.0,4.0,1,3,5,4,5,5,3,5,5.0,0,0,0,0,0,2,4,2,2,1,0,0,0.0,0.0,2.0,3.0,0,0,0,0,0,0,0,0,4.043805612594114,False,True,False,4066618.0
2,2.0,4.0,3.0,2,1,5,4,5,5,5,5,5.0,0,0,0,0,0,5,4,2,2,2,0,0,0.0,0.0,2.0,3.0,0,0,0,0,0,0,0,0,-0.14510609171800137,True,True,False,3807496.0
2,4.0,4.0,4.0,2,5,5,4,5,4,3,5,4.0,4,4,5,5,5,2,4,1,2,1,5,5,5.0,1.0,2.0,3.0,5,5,5,3,4,4,5,3,11.38945927446954,False,False,True,5966193.0
4,4.0,5.0,3.0,1,3,5,5,5,5,2,5,5.0,3,2,4,1,4,1,3,2,2,3,3,2,3.0,5.0,2.0,3.0,4,3,3,2,4,4,3,1,0.2299794661190965,False,False,True,4250553.0
3,5.0,4.0,4.0,2,5,5,4,5,4,3,5,4.0,0,0,0,0,0,1,4,1,1,1,0,0,0.0,0.0,2.0,3.0,0,0,0,0,0,0,0,0,9.984941820670773,False,True,False,7495092.0
3,3.0,4.0,4.0,2,2,5,4,5,5,3,5,5.0,0,0,0,0,0,3,5,1,3,2,0,0,0.0,0.0,2.0,3.0,0,0,0,0,0,0,0,0,-1.5633127994524298,True,True,False,3351383.0
5,5.0,4.0,4.0,1,3,5,5,4,4,2,4,4.0,0,0,0,0,0,5,5,3,4,2,0,0,0.0,0.0,5.0,2.0,0,0,0,0,0,0,0,0,1.88911704312115,False,True,False,5906596.0
1,2.0,5.0,4.0,1,2,1,4,5,5,3,5,5.0,0,0,0,0,0,1,1,1,1,1,0,0,0.0,0.0,1.0,2.0,0,0,0,0,0,0,0,0,-3.5208761122518824,True,True,False,2025297.0
1,1.0,4.0,3.0,1,2,1,5,5,5,1,5,5.0,1,1,1,1,1,2,1,1,1,1,1,1,1.0,5.0,1.0,3.0,5,4,4,3,3,4,2,3,0.6433949349760438,False,False,True,2364478.0
12,7.5,6.0,6.0,2,8,10,10,8,8,4,8,6.0,0,0,0,0,0,15,9,3,3,5,0,0,0.0,0.0,5.0,7.5,0,0,0,0,0,0,0,0,-3.600273785078713,False,True,False,3426169.0
3,5.0,4.0,4.0,1,2,5,5,5,5,1,5,5.0,0,0,0,0,0,3,2,1,2,2,0,0,0.0,0.0,1.0,3.0,0,0,0,0,0,0,0,0,2.535249828884326,True,False,True,2083447.0
12,7.5,7.5,6.0,2,10,10,8,8,10,8,8,7.5,0,0,0,0,0,25,15,6,3,25,0,0,0.0,0.0,10.0,7.5,0,0,0,0,0,0,0,0,7.167693360711842,False,True,False,6782425.0
3,4.0,4.0,4.0,1,2,5,4,4,5,4,4,5.0,5,5,3,2,4,3,5,1,3,1,2,2,2.0,1.0,2.0,2.0,3,1,4,3,4,5,5,3,-2.784394250513347,True,False,True,3410878.0
2,3.0,4.0,4.0,2,2,5,5,5,5,1,5,5.0,3,2,4,1,3,3,2,1,2,1,5,1,2.0,5.0,1.0,3.0,4,4,3,4,4,4,3,5,-1.5989048596851472,True,True,False,3753720.0
2,4.0,4.0,4.0,2,2,5,5,5,5,2,5,5.0,0,0,0,0,0,1,1,1,1,1,0,0,0.0,0.0,1.0,3.0,0,0,0,0,0,0,0,0,-2.433949349760438,True,True,False,1270499.0
4,5.0,2.0,4.0,2,2,5,4,4,4,3,4,4.0,0,0,0,0,0,3,2,1,2,3,0,0,0.0,0.0,2.0,2.0,0,0,0,0,0,0,0,0,-1.9028062970568105,True,True,False,6412623.0
3,5.0,4.0,4.0,1,4,5,4,5,4,4,5,4.0,0,0,0,0,0,4,5,2,4,5,0,0,0.0,0.0,5.0,1.0,0,0,0,0,0,0,0,0,0.9308692676249144,False,True,False,6694797.0
3,4.0,4.0,4.0,1,2,5,2,4,5,5,4,5.0,0,0,0,0,0,3,5,1,3,1,0,0,0.0,0.0,2.0,3.0,0,0,0,0,0,0,0,0,-1.1882272416153319,True,True,False,2344689.0
4,5.0,4.0,4.0,2,4,5,4,4,4,5,3,4.0,5,5,5,5,5,5,5,5,3,1,5,5,5.0,1.0,5.0,1.0,5,5,4,2,5,5,5,3,10.039698836413416,False,False,True,13575224.0
3,5.0,4.0,4.0,2,5,5,5,5,5,2,5,5.0,0,0,0,0,0,4,5,2,2,1,0,0,0.0,0.0,4.0,3.0,0,0,0,0,0,0,0,0,2.2806297056810405,False,True,False,9652350.0
3,4.0,5.0,4.0,2,2,5,4,5,5,4,5,5.0,5,4,5,5,4,5,5,4,2,5,1,1,1.0,0.0,2.0,3.0,5,5,5,5,4,5,5,4,-2.6885694729637235,True,False,True,4758476.0
4,5.0,2.0,5.0,2,2,5,4,4,4,3,4,4.0,0,0,0,0,0,4,4,1,2,3,0,0,0.0,0.0,1.0,3.0,0,0,0,0,0,0,0,0,5.305954825462012,True,True,False,2738052.0
2,4.0,4.0,4.0,1,2,5,5,5,5,2,5,5.0,0,0,0,0,0,2,3,1,2,1,0,0,0.0,0.0,2.0,2.0,0,0,0,0,0,0,0,0,-1.9274469541409993,True,True,False,4429512.0
4,5.0,4.0,3.0,1,3,5,5,5,5,2,5,5.0,1,2,2,1,3,2,5,1,3,4,1,1,4.0,3.0,2.0,3.0,5,5,3,3,5,4,3,2,2.943189596167009,True,False,True,4467728.0
1,2.0,5.0,3.0,1,2,1,5,5,5,1,5,5.0,0,0,0,0,0,1,1,1,1,1,0,0,0.0,0.0,1.0,2.0,0,0,0,0,0,0,0,0,1.7987679671457906,True,True,False,2792031.0
3,3.0,6.0,6.0,4,2,2,8,10,10,6,10,7.5,0,0,0,0,0,5,3,3,1,5,0,0,0.0,0.0,2.5,7.5,0,0,0,0,0,0,0,0,1.5468856947296372,True,True,False,4888774.0
4,4.0,4.0,4.0,1,2,5,4,5,5,3,5,5.0,3,5,5,3,4,5,5,3,3,5,2,2,2.0,3.0,3.0,1.0,5,5,5,3,4,4,4,3,-1.3278576317590691,True,False,True,3248660.0
1,2.0,5.0,4.0,1,2,1,5,4,4,2,4,3.0,0,0,0,0,0,1,1,1,1,1,0,0,0.0,0.0,2.0,3.0,0,0,0,0,0,0,0,0,-2.518822724161533,True,True,False,3570392.0
2,4.0,3.0,5.0,4,5,5,4,4,4,5,4,4.0,0,0,0,0,0,1,2,1,1,1,0,0,0.0,0.0,3.0,2.0,0,0,0,0,0,0,0,0,2.3545516769336072,False,True,False,4219263.0
6,3.0,6.0,6.0,4,4,10,8,10,10,6,10,7.5,9,8,12,3,12,10,12,6,1,10,2,2,2.5,2.5,5.0,7.5,15,3,15,6,18,12,16,6,-2.735112936344969,True,False,True,2954086.0
2,3.0,4.0,4.0,2,1,5,5,5,5,1,5,5.0,0,0,0,0,0,1,1,1,1,1,0,0,0.0,0.0,2.0,3.0,0,0,0,0,0,0,0,0,-2.6064339493497606,True,True,False,2993069.0
4,5.0,5.0,4.0,1,5,5,5,4,4,2,4,4.0,3,4,2,1,4,2,3,2,2,1,3,3,4.0,5.0,3.0,3.0,3,2,1,2,2,1,3,3,11.80287474332649,False,False,True,3784230.0
3,4.0,4.0,4.0,1,2,5,5,5,5,2,5,5.0,0,0,0,0,0,2,3,1,2,1,0,0,0.0,0.0,2.0,2.0,0,0,0,0,0,0,0,0,3.0636550308008212,True,True,False,2097022.0
4,5.0,5.0,4.0,2,2,5,4,5,5,3,5,5.0,3,4,3,1,3,5,5,4,5,5,3,3,3.0,2.0,4.0,1.0,5,3,3,2,3,4,3,1,1.0704996577686516,True,False,True,4155435.0
6,4.5,6.0,6.0,4,8,10,10,10,10,4,10,7.5,6,4,12,6,12,5,9,3,2,5,8,8,10.0,12.5,5.0,7.5,25,15,25,4,18,12,16,8,-2.3381245722108144,False,False,True,4882985.0
2,4.0,4.0,4.0,2,2,5,4,4,5,3,4,5.0,0,0,0,0,0,2,2,1,1,1,0,0,0.0,0.0,3.0,3.0,0,0,0,0,0,0,0,0,-2.242299794661191,False,True,False,8894598.0
3,5.0,4.0,5.0,3,3,5,4,4,5,4,2,5.0,1,3,3,1,4,5,5,4,2,2,1,1,1.0,1.0,3.0,1.0,3,3,3,2,3,4,3,1,4.01368925393566,False,False,True,2018785.0
12,7.5,7.5,4.5,2,10,10,10,10,10,4,10,7.5,3,4,9,3,3,10,15,3,4,5,6,4,7.5,5.0,10.0,5.0,25,6,10,4,18,12,12,2,0.019164955509924708,False,False,True,1847826.0
4,5.0,4.0,4.0,2,3,5,5,5,5,1,5,5.0,0,0,0,0,0,2,2,2,1,1,0,0,0.0,0.0,2.0,3.0,0,0,0,0,0,0,0,0,-4.005475701574264,False,False,True,3780019.0
2,3.0,4.0,4.0,2,2,5,4,5,5,3,5,5.0,0,0,0,0,0,5,4,2,2,3,0,0,0.0,0.0,2.0,3.0,0,0,0,0,0,0,0,0,-1.626283367556468,True,True,False,4067566.0
2,4.0,4.0,4.0,2,3,5,5,5,4,2,5,4.0,0,0,0,0,0,2,2,1,1,1,0,0,0.0,0.0,2.0,3.0,0,0,0,0,0,0,0,0,5.13347022587269,False,True,False,3445076.0
12,7.5,6.0,7.5,2,8,10,8,8,8,10,6,6.0,15,8,12,6,9,25,15,9,5,15,6,10,10.0,5.0,12.5,2.5,25,15,25,6,18,3,16,6,12.728268309377139,False,False,True,4286645.0
1,1.0,4.0,3.0,1,1,1,4,5,5,3,5,5.0,0,0,0,0,0,1,1,1,1,1,0,0,0.0,0.0,2.0,3.0,0,0,0,0,0,0,0,0,-1.842573579739904,True,True,False,4263629.0
1,3.0,0.0,5.0,5,5,1,5,5,5,2,5,5.0,0,0,0,0,0,1,2,2,1,2,0,0,0.0,0.0,2.0,3.0,0,0,0,0,0,0,0,0,4.372347707049966,False,False,False,3810007.0
9,6.0,6.0,6.0,4,6,10,6,8,10,10,8,7.5,9,10,15,3,12,15,15,9,2,25,6,4,7.5,2.5,5.0,7.5,20,9,15,4,24,12,16,2,-0.6652977412731006,True,False,True,4780607.0
3,3.0,4.0,4.0,2,2,5,4,5,5,3,5,5.0,1,5,4,2,4,5,5,2,1,4,3,3,3.0,2.0,2.0,3.0,5,5,5,4,2,5,3,2,1.4510609171800137,True,False,True,4015749.0
3,4.0,4.0,4.0,2,2,5,5,5,5,1,5,5.0,0,0,0,0,0,3,2,1,2,1,0,0,0.0,0.0,3.0,3.0,0,0,0,0,0,0,0,0,2.31895961670089,True,True,False,7592272.0
2,4.0,4.0,4.0,1,2,5,5,5,5,1,5,5.0,0,0,0,0,0,1,1,1,1,1,0,0,0.0,0.0,3.0,2.0,0,0,0,0,0,0,0,0,-1.782340862422998,False,True,False,2383840.0
4,5.0,5.0,4.0,2,2,5,4,5,5,3,5,5.0,0,0,0,0,0,5,5,4,5,5,0,0,0.0,0.0,4.0,1.0,0,0,0,0,0,0,0,0,2.8966461327857633,True,True,False,3939804.0
3,4.0,3.0,4.0,2,1,5,5,5,5,2,5,5.0,0,0,0,0,0,3,1,1,1,1,0,0,0.0,0.0,2.0,3.0,0,0,0,0,0,0,0,0,-1.8234086242299794,True,True,False,3376145.0
3,4.0,4.0,5.0,3,4,5,4,4,4,5,4,4.0,0,0,0,0,0,4,5,1,2,1,0,0,0.0,0.0,3.0,2.0,0,0,0,0,0,0,0,0,7.15400410677618,False,True,False,3199619.0
2,3.0,3.0,5.0,4,2,4,4,4,4,4,4,4.0,0,0,0,0,0,4,3,2,1,1,0,0,0.0,0.0,2.0,3.0,0,0,0,0,0,0,0,0,1.5195071868583163,True,True,False,5787594.0
4,5.0,4.0,4.0,2,3,5,4,4,5,5,4,5.0,0,0,0,0,0,3,2,2,1,1,0,0,0.0,0.0,3.0,3.0,0,0,0,0,0,0,0,0,3.2224503764544834,False,True,False,9262754.0
3,4.0,4.0,4.0,2,3,5,5,5,5,1,5,5.0,0,0,0,0,0,2,3,1,2,2,0,0,0.0,0.0,2.0,3.0,0,0,0,0,0,0,0,0,3.485284052019165,True,True,False,2544857.0
4,5.0,4.0,5.0,2,2,5,5,5,5,2,5,5.0,0,0,0,0,0,1,1,1,1,1,0,0,0.0,0.0,3.0,3.0,0,0,0,0,0,0,0,0,-0.8240930869267625,False,True,False,7217634.0
4,5.0,3.0,5.0,2,2,5,4,4,5,4,4,5.0,0,0,0,0,0,2,1,1,1,1,0,0,0.0,0.0,3.0,3.0,0,0,0,0,0,0,0,0,0.33401779603011633,False,True,False,6363241.0
